patient,pressure,gt,pred,prob_normal,prob_abnormal,correct
s11_pressure270(1),270,abnormal,abnormal,0.037027952048788206,0.9629720479512117,1
s1_pressure20(0),20,abnormal,abnormal,0.03701844566650777,0.9629815543334923,1
s1_pressure20(2),20,abnormal,abnormal,0.04278519880182002,0.9572148011981801,1
s1_pressure70(1),70,abnormal,abnormal,0.16673956653634076,0.8332604334636591,1
s1_pressure70(3),70,abnormal,abnormal,0.06130205435417138,0.9386979456458284,1
s2_pressure160(1),160,normal,normal,0.85350239129936,0.14649760870064005,1
s2_pressure160(2),160,normal,normal,0.8807954988709025,0.11920450112909742,1
s2_pressure190(1),190,normal,normal,0.8666959248108229,0.13330407518917722,1
s2_pressure80(2),80,abnormal,abnormal,0.1879192384832629,0.8120807615167374,1
