{
  "window": [
    700,
    720,
    740,
    760,
    780,
    800,
    820,
    840,
    860,
    880,
    900
  ],
  "n_train_rows": 989,
  "n_test_rows": 470,
  "normal_range": [
    140,
    190
  ],
  "train": {
    "accuracy": 0.8068756319514662,
    "f1_macro": 0.7265602721383853,
    "precision_macro": 0.7524262856121263,
    "confusion_matrix": [
      [
        667,
        67
      ],
      [
        124,
        131
      ]
    ]
  },
  "test": {
    "accuracy": 0.851063829787234,
    "f1_macro": 0.74393698826313,
    "precision_macro": 0.8133848133848134,
    "confusion_matrix": [
      [
        352,
        15
      ],
      [
        55,
        48
      ]
    ],
    "classification_report": {
      "0": {
        "precision": 0.8648648648648649,
        "recall": 0.9591280653950953,
        "f1-score": 0.9095607235142119,
        "support": 367.0
      },
      "1": {
        "precision": 0.7619047619047619,
        "recall": 0.46601941747572817,
        "f1-score": 0.5783132530120482,
        "support": 103.0
      },
      "accuracy": 0.851063829787234,
      "macro avg": {
        "precision": 0.8133848133848134,
        "recall": 0.7125737414354117,
        "f1-score": 0.74393698826313,
        "support": 470.0
      },
      "weighted avg": {
        "precision": 0.8423012678331827,
        "recall": 0.851063829787234,
        "f1-score": 0.8369681927445887,
        "support": 470.0
      }
    }
  }
}