patient,pressure,gt,pred,prob_normal,prob_abnormal,correct
s2_pressure170(2),170,normal,normal,0.47551654734602844,0.5244834526539716,1
s1_pressure70(2),70,abnormal,abnormal,0.18898828827995523,0.8110117117200448,1
s1_pressure40(2),40,abnormal,abnormal,0.19679380164714874,0.8032061983528515,1
s2_pressure190(2),190,normal,normal,0.8929620372254438,0.10703796277455625,1
s1_pressure40(1),40,abnormal,abnormal,0.0686068437045362,0.9313931562954639,1
