patient,pressure,gt,pred,prob_normal,prob_abnormal,correct
s1_pressure70(3),70,abnormal,abnormal,0.01025622387790338,0.9897437761220966,1
s1_pressure20(2),20,abnormal,abnormal,0.00803001142111582,0.9919699885788842,1
s2_pressure160(2),160,normal,normal,0.9465514656534414,0.05344853434655869,1
s1_pressure20(0),20,abnormal,abnormal,0.00044987300799498374,0.999550126992005,1
s2_pressure190(1),190,normal,normal,0.95020784104178,0.04979215895822001,1
s1_pressure70(1),70,abnormal,abnormal,0.1046450543191325,0.8953549456808676,1
s11_pressure270(1),270,abnormal,abnormal,0.003713871916338513,0.9962861280836613,1
s2_pressure80(2),80,abnormal,abnormal,0.11249521805995231,0.8875047819400476,1
s2_pressure160(1),160,normal,normal,0.9056794016469395,0.09432059835306052,1
