patient,pressure,gt,pred,prob_normal,prob_abnormal,correct
s1_pressure40(1),40,abnormal,abnormal,0.20407379160952777,0.7959262083904723,1
s1_pressure40(2),40,abnormal,abnormal,0.24897538182124238,0.7510246181787574,1
s1_pressure70(2),70,abnormal,abnormal,0.2566529531215092,0.7433470468784908,1
s2_pressure170(2),170,normal,normal,0.47623894669615935,0.5237610533038406,1
s2_pressure190(2),190,normal,normal,0.8019673726525112,0.1980326273474888,1
