{
  "window": [
    700,
    720,
    740,
    760,
    780,
    800,
    820,
    840,
    860,
    880,
    900
  ],
  "n_train_rows": 462,
  "n_test_rows": 217,
  "normal_range": [
    140,
    190
  ],
  "pca_enabled": false,
  "pca_components": null,
  "train": {
    "accuracy": 0.9632034632034632,
    "f1_macro": 0.9593046451980621,
    "confusion_matrix": [
      [
        294,
        17
      ],
      [
        0,
        151
      ]
    ]
  },
  "test": {
    "accuracy": 0.7926267281105991,
    "f1_macro": 0.7924680679234055,
    "confusion_matrix": [
      [
        89,
        25
      ],
      [
        20,
        83
      ]
    ],
    "classification_report": {
      "0": {
        "precision": 0.8165137614678899,
        "recall": 0.7807017543859649,
        "f1-score": 0.7982062780269058,
        "support": 114.0
      },
      "1": {
        "precision": 0.7685185185185185,
        "recall": 0.8058252427184466,
        "f1-score": 0.7867298578199052,
        "support": 103.0
      },
      "accuracy": 0.7926267281105991,
      "macro avg": {
        "precision": 0.7925161399932041,
        "recall": 0.7932634985522058,
        "f1-score": 0.7924680679234055,
        "support": 217.0
      },
      "weighted avg": {
        "precision": 0.7937326092845476,
        "recall": 0.7926267281105991,
        "f1-score": 0.7927589449332604,
        "support": 217.0
      }
    }
  }
}