patient,pressure,gt,pred,prob_normal,prob_abnormal,correct
s1_pressure40(1),40,abnormal,abnormal,0.1749159641379987,0.8250840358620014,1
s1_pressure40(2),40,abnormal,abnormal,0.19843322530879753,0.8015667746912022,1
s1_pressure70(2),70,abnormal,abnormal,0.2645279471355955,0.7354720528644044,1
s2_pressure170(2),170,normal,normal,0.4998161876877687,0.5001838123122313,1
s2_pressure190(2),190,normal,normal,0.8626264574929515,0.13737354250704822,1
