patient,pressure,gt,pred,prob_normal,prob_abnormal,correct
s1_pressure40(1),40,abnormal,abnormal,0.18418979945891203,0.8158102005410879,1
s1_pressure40(2),40,abnormal,abnormal,0.3070508483423319,0.692949151657668,1
s1_pressure70(2),70,abnormal,normal,0.2905002096798678,0.7094997903201321,0
s2_pressure170(2),170,normal,normal,0.4359559907401353,0.5640440092598646,1
s2_pressure190(2),190,normal,normal,0.6830450284769055,0.3169549715230946,1
