{
  "window": [
    700,
    720,
    740,
    760,
    780,
    800,
    820,
    840,
    860,
    880,
    900
  ],
  "n_train_rows": 462,
  "n_test_rows": 217,
  "normal_range": [
    140,
    190
  ],
  "pca_enabled": false,
  "pca_components": null,
  "train": {
    "accuracy": 0.9372294372294372,
    "f1_macro": 0.9317414141825833,
    "confusion_matrix": [
      [
        282,
        29
      ],
      [
        0,
        151
      ]
    ]
  },
  "test": {
    "accuracy": 0.7695852534562212,
    "f1_macro": 0.7694628590855006,
    "confusion_matrix": [
      [
        81,
        33
      ],
      [
        17,
        86
      ]
    ],
    "classification_report": {
      "0": {
        "precision": 0.826530612244898,
        "recall": 0.7105263157894737,
        "f1-score": 0.7641509433962265,
        "support": 114.0
      },
      "1": {
        "precision": 0.7226890756302521,
        "recall": 0.8349514563106796,
        "f1-score": 0.7747747747747747,
        "support": 103.0
      },
      "accuracy": 0.7695852534562212,
      "macro avg": {
        "precision": 0.774609843937575,
        "recall": 0.7727388860500766,
        "f1-score": 0.7694628590855006,
        "support": 217.0
      },
      "weighted avg": {
        "precision": 0.7772417722849508,
        "recall": 0.7695852534562212,
        "f1-score": 0.7691935914699154,
        "support": 217.0
      }
    }
  }
}