{
  "window": [
    700,
    720,
    740,
    760,
    780,
    800,
    820,
    840,
    860,
    880,
    900
  ],
  "n_train_rows": 462,
  "n_test_rows": 217,
  "normal_range": [
    140,
    190
  ],
  "pca_enabled": false,
  "pca_components": null,
  "train": {
    "accuracy": 0.8939393939393939,
    "f1_macro": 0.8869338074808085,
    "confusion_matrix": [
      [
        264,
        47
      ],
      [
        2,
        149
      ]
    ]
  },
  "test": {
    "accuracy": 0.6820276497695853,
    "f1_macro": 0.6798246551908479,
    "confusion_matrix": [
      [
        65,
        49
      ],
      [
        20,
        83
      ]
    ],
    "classification_report": {
      "0": {
        "precision": 0.7647058823529411,
        "recall": 0.5701754385964912,
        "f1-score": 0.6532663316582915,
        "support": 114.0
      },
      "1": {
        "precision": 0.6287878787878788,
        "recall": 0.8058252427184466,
        "f1-score": 0.7063829787234043,
        "support": 103.0
      },
      "accuracy": 0.6820276497695853,
      "macro avg": {
        "precision": 0.69674688057041,
        "recall": 0.6880003406574688,
        "f1-score": 0.6798246551908479,
        "support": 217.0
      },
      "weighted avg": {
        "precision": 0.7001918069280498,
        "recall": 0.6820276497695853,
        "f1-score": 0.6784783807260639,
        "support": 217.0
      }
    }
  }
}