patient,pressure,gt,pred,prob_normal,prob_abnormal,correct
s11_pressure270(1),270,abnormal,abnormal,0.03126994354552935,0.9687300564544705,1
s1_pressure20(0),20,abnormal,abnormal,0.031267853674113326,0.9687321463258864,1
s1_pressure20(2),20,abnormal,abnormal,0.042356087505702376,0.9576439124942975,1
s1_pressure70(1),70,abnormal,abnormal,0.14618379622087138,0.8538162037791287,1
s1_pressure70(3),70,abnormal,abnormal,0.04933237217700083,0.9506676278229992,1
s2_pressure160(1),160,normal,normal,0.7867466646054163,0.21325333539458374,1
s2_pressure160(2),160,normal,normal,0.8020841352019287,0.19791586479807144,1
s2_pressure190(1),190,normal,normal,0.7752483772571832,0.2247516227428166,1
s2_pressure80(2),80,abnormal,normal,0.41497171895978474,0.5850282810402152,0
